timestamp,flow_m3h,turbidity_ntu,uvt,lamp_power_pct,uv_intensity,uv_dose_mj_cm2,lamp_health_pct,anomaly_score,advisory,cusum_event
2026-04-25 14:45:36.470433+00:00,104.727,0.573,74.287,75.0,55.209,32.021,52.586,0.0,"Water is clear, save energy while staying compliant.",False
2026-04-25 14:50:36.470433+00:00,103.108,0.529,76.168,73.0,54.907,31.846,57.818,0.0,"Water is clear, save energy while staying compliant.",False
2026-04-25 14:55:36.470433+00:00,105.203,0.591,74.557,71.4,53.182,30.846,56.269,0.0,"Water is clear, save energy while staying compliant.",False
2026-04-25 15:00:36.470433+00:00,105.386,0.255,76.012,70.12,51.856,30.076,54.381,0.0,"Water is clear, save energy while staying compliant.",False
2026-04-25 15:05:36.470433+00:00,101.458,0.481,73.847,69.1,51.168,29.677,52.978,0.0,"Water is clear, save energy while staying compliant.",False
2026-04-25 15:10:36.470433+00:00,103.821,0.2,76.261,68.28,52.156,30.251,52.731,0.0,"Water is clear, save energy while staying compliant.",False
2026-04-25 15:15:36.470433+00:00,101.69,0.442,74.372,67.62,51.416,29.821,52.205,0.0,"Water is clear, save energy while staying compliant.",False
2026-04-25 15:20:36.470433+00:00,102.66,0.536,75.67,67.1,50.602,29.349,51.498,0.0,"Water is clear, save energy while staying compliant.",True
2026-04-25 15:25:36.470433+00:00,103.927,0.56,73.413,66.68,50.392,29.228,50.951,0.0,"Water is clear, save energy while staying compliant.",False
2026-04-25 15:30:36.470433+00:00,101.332,0.725,73.768,66.34,51.081,29.627,50.886,0.0,"Water is clear, save energy while staying compliant.",False
2026-04-25 15:35:36.470433+00:00,104.692,0.319,76.158,66.07,50.046,29.027,50.438,0.0,"Water is clear, save energy while staying compliant.",False
2026-04-25 15:40:36.470433+00:00,104.471,0.552,75.354,65.86,48.812,28.311,49.646,0.0,"Water is clear, save energy while staying compliant.",False
2026-04-25 15:45:36.470433+00:00,103.653,0.48,75.25,65.69,48.715,28.255,49.07,0.0,"Water is clear, save energy while staying compliant.",False
2026-04-25 15:50:36.470433+00:00,102.959,0.759,74.592,65.55,47.939,27.805,48.388,0.0,"Water is clear, save energy while staying compliant.",False
2026-04-25 15:55:36.470433+00:00,104.131,0.2,76.337,65.44,51.249,29.724,49.248,0.0,"Water is clear, save energy while staying compliant.",False
2026-04-25 16:00:36.470433+00:00,104.106,0.528,74.461,65.35,50.246,29.143,49.528,0.0,"Water is clear, save energy while staying compliant.",False
2026-04-25 16:05:36.470433+00:00,102.344,0.541,75.108,65.28,48.716,28.255,49.15,0.0,"Water is clear, save energy while staying compliant.",False
2026-04-25 16:10:36.470433+00:00,101.233,0.607,73.912,65.23,48.826,28.319,48.93,0.0,"Water is clear, save energy while staying compliant.",False
2026-04-25 16:15:36.470433+00:00,102.789,0.752,73.15,65.18,47.567,27.589,48.293,0.0,"Water is clear, save energy while staying compliant.",False
2026-04-25 16:20:36.470433+00:00,103.625,0.368,76.136,65.14,47.243,27.401,47.723,0.0,"Water is clear, save energy while staying compliant.",False
2026-04-25 16:25:36.470433+00:00,102.221,0.456,75.431,65.12,48.081,27.887,47.67,0.0,"Water is clear, save energy while staying compliant.",False
2026-04-25 16:30:36.470433+00:00,101.673,0.686,74.379,65.09,48.062,27.876,47.663,0.0,"Water is clear, save energy while staying compliant.",False
2026-04-25 16:35:36.470433+00:00,103.598,0.758,72.418,65.07,47.037,27.281,47.285,0.0,"Water is clear, save energy while staying compliant.",True
2026-04-25 16:40:36.470433+00:00,100.901,0.716,72.848,65.06,47.472,27.534,47.209,0.0,"Water is clear, save energy while staying compliant.",False
2026-04-25 16:45:36.470433+00:00,102.559,0.556,74.548,65.05,47.104,27.32,47.038,0.0,"Water is clear, save energy while staying compliant.",False
2026-04-25 16:50:36.470433+00:00,102.915,0.258,77.297,65.04,50.95,29.551,48.455,0.0,"Water is clear, save energy while staying compliant.",False
2026-04-25 16:55:36.470433+00:00,101.051,0.85,73.03,65.03,48.713,28.254,48.627,0.0,No rule triggered.,False
2026-04-25 17:00:36.470433+00:00,104.435,0.692,73.575,65.62,47.044,27.285,48.079,0.0,"Water is clear, save energy while staying compliant.",False
2026-04-25 17:05:36.470433+00:00,103.877,0.607,74.305,65.49,47.808,27.729,47.968,0.0,"Water is clear, save energy while staying compliant.",False
2026-04-25 17:10:36.470433+00:00,100.273,0.979,71.975,65.4,46.913,27.21,47.536,0.0,No rule triggered.,False
2026-04-25 17:15:36.470433+00:00,101.112,0.673,73.401,66.03,49.892,28.938,48.4,0.0,"Water is clear, save energy while staying compliant.",False
2026-04-25 17:20:36.470433+00:00,101.559,0.69,72.481,65.83,49.349,28.623,48.825,0.0,"Water is clear, save energy while staying compliant.",False
2026-04-25 17:25:36.470433+00:00,101.086,0.551,75.031,65.66,47.473,27.534,48.384,0.0,"Water is clear, save energy while staying compliant.",False
2026-04-25 17:30:36.470433+00:00,101.756,0.647,72.354,65.53,47.195,27.373,47.937,0.0,"Water is clear, save energy while staying compliant.",False
2026-04-25 17:35:36.470433+00:00,102.155,0.636,74.641,65.42,48.472,28.114,48.111,0.0,"Water is clear, save energy while staying compliant.",False
2026-04-25 17:40:36.470433+00:00,100.368,0.555,76.004,65.34,49.767,28.865,48.755,0.0,"Water is clear, save energy while staying compliant.",False
2026-04-25 17:45:36.470433+00:00,101.966,0.723,73.155,65.27,47.206,27.379,48.215,0.0,"Water is clear, save energy while staying compliant.",False
2026-04-25 17:50:36.470433+00:00,101.78,0.828,74.207,65.22,48.597,28.186,48.357,0.0,No rule triggered.,False
2026-04-25 17:55:36.470433+00:00,101.157,0.56,75.587,65.81,49.356,28.626,48.761,0.0,"Water is clear, save energy while staying compliant.",False
2026-04-25 18:00:36.470433+00:00,102.813,1.006,72.793,65.65,47.056,27.293,48.146,0.0,No rule triggered.,False
2026-04-25 18:05:36.470433+00:00,104.274,0.614,75.178,66.28,50.546,29.317,49.064,0.0,"Water is clear, save energy while staying compliant.",False
2026-04-25 18:10:36.470433+00:00,104.826,1.174,69.813,66.03,46.762,27.122,48.244,0.0,No rule triggered.,False
2026-04-25 18:15:36.470433+00:00,100.495,0.888,73.512,66.67,46.438,26.934,47.504,0.0,No rule triggered.,True
2026-04-25 18:20:36.470433+00:00,102.419,0.913,72.276,67.32,47.456,27.524,47.374,0.0,No rule triggered.,False
2026-04-25 18:25:36.470433+00:00,99.777,0.885,71.72,67.95,49.026,28.435,47.92,0.0,No rule triggered.,False
2026-04-25 18:30:36.470433+00:00,101.976,1.013,70.93,68.52,47.24,27.399,47.634,0.0,No rule triggered.,False
2026-04-25 18:35:36.470433+00:00,100.763,0.985,71.305,69.15,49.41,28.658,48.284,0.0,No rule triggered.,False
2026-04-25 18:40:36.470433+00:00,105.159,0.682,74.796,69.72,51.837,30.065,49.723,0.0,"Water is clear, save energy while staying compliant.",True
2026-04-25 18:45:36.470433+00:00,99.979,0.883,73.445,68.78,50.31,29.18,50.157,0.0,No rule triggered.,False
2026-04-25 18:50:36.470433+00:00,101.754,1.22,70.656,69.32,47.927,27.797,49.493,0.0,No rule triggered.,False
2026-04-25 18:55:36.470433+00:00,99.276,0.354,75.347,69.93,52.424,30.406,50.741,0.0,"Water is clear, save energy while staying compliant.",True
2026-04-25 19:00:36.470433+00:00,100.514,0.831,74.146,68.94,50.857,29.497,51.011,0.0,No rule triggered.,False
2026-04-25 19:05:36.470433+00:00,102.239,1.041,72.558,69.47,50.325,29.188,50.952,0.0,No rule triggered.,False
2026-04-25 19:10:36.470433+00:00,100.806,1.151,70.411,70.01,47.581,27.597,49.787,0.0,No rule triggered.,True
2026-04-25 19:15:36.470433+00:00,102.218,1.062,70.304,70.63,50.938,29.544,50.232,0.0,No rule triggered.,False
2026-04-25 19:20:36.470433+00:00,101.787,1.233,70.982,71.15,50.446,29.259,50.363,0.0,No rule triggered.,False
2026-04-25 19:25:36.470433+00:00,102.452,1.11,70.262,71.69,49.835,28.904,50.208,0.0,No rule triggered.,False
2026-04-25 19:30:36.470433+00:00,104.391,1.176,70.941,72.24,50.29,29.168,50.264,0.0,No rule triggered.,False
2026-04-25 19:35:36.470433+00:00,102.093,0.76,75.006,72.78,55.222,32.029,52.244,0.0,"Water is clear, save energy while staying compliant.",True
2026-04-25 19:40:36.470433+00:00,103.753,1.161,71.249,71.23,50.166,29.097,51.683,0.0,No rule triggered.,True
2026-04-25 19:45:36.470433+00:00,102.906,1.457,69.816,71.77,49.112,28.485,50.809,0.0,No rule triggered.,False
2026-04-25 19:50:36.470433+00:00,101.951,1.49,69.567,72.35,49.582,28.758,50.333,0.0,No rule triggered.,False
2026-04-25 19:55:36.470433+00:00,101.323,1.171,71.846,72.91,51.743,30.011,50.838,0.0,No rule triggered.,False
2026-04-25 20:00:36.470433+00:00,102.74,1.222,69.075,73.41,49.386,28.644,50.285,0.0,No rule triggered.,False
2026-04-25 20:05:36.470433+00:00,104.488,1.061,72.21,73.98,52.664,30.545,51.172,0.0,No rule triggered.,False
2026-04-25 20:10:36.470433+00:00,102.351,1.269,70.385,74.45,52.501,30.451,51.762,0.0,No rule triggered.,False
2026-04-25 20:15:36.470433+00:00,106.372,1.194,70.632,74.93,52.856,30.656,52.316,0.0,No rule triggered.,False
2026-04-25 20:20:36.470433+00:00,101.576,1.04,73.042,75.4,55.818,32.374,53.861,0.0,No rule triggered.,True
2026-04-25 20:25:36.470433+00:00,105.835,1.328,70.585,75.78,52.835,30.644,53.774,0.0,No rule triggered.,False
2026-04-25 20:30:36.470433+00:00,102.764,1.021,71.917,76.24,55.437,32.153,54.674,0.0,No rule triggered.,False
2026-04-25 20:35:36.470433+00:00,102.348,1.135,70.683,76.64,53.49,31.024,54.511,0.0,No rule triggered.,False
2026-04-25 20:40:36.470433+00:00,104.193,1.381,69.416,77.09,53.282,30.904,54.251,0.0,No rule triggered.,False
2026-04-25 20:45:36.470433+00:00,103.859,1.437,71.247,77.54,54.832,31.802,54.629,0.0,No rule triggered.,False
2026-04-25 20:50:36.470433+00:00,101.573,1.429,67.479,77.95,53.082,30.787,54.184,0.0,No rule triggered.,False
2026-04-25 20:55:36.470433+00:00,105.28,1.336,68.272,78.41,52.312,30.341,53.525,0.0,No rule triggered.,False
2026-04-25 21:00:36.470433+00:00,105.298,1.833,67.221,78.89,51.27,29.737,52.621,0.0,No rule triggered.,True
2026-04-25 21:05:36.470433+00:00,104.384,1.361,68.685,79.41,52.779,30.612,52.563,0.0,No rule triggered.,False
2026-04-25 21:10:36.470433+00:00,106.263,1.623,69.347,79.88,55.448,32.16,53.596,0.0,No rule triggered.,True
2026-04-25 21:15:36.470433+00:00,104.527,1.347,69.577,80.27,53.74,31.169,53.693,0.0,No rule triggered.,False
2026-04-25 21:20:36.470433+00:00,106.049,1.401,69.809,80.71,53.906,31.265,53.821,0.0,No rule triggered.,False
2026-04-25 21:25:36.470433+00:00,103.816,1.489,69.459,81.15,56.957,33.035,55.107,0.022,No rule triggered.,False
2026-04-25 21:30:36.470433+00:00,105.446,1.225,69.718,81.5,56.777,32.931,55.96,0.012,No rule triggered.,False
2026-04-25 21:35:36.470433+00:00,102.421,1.751,68.089,81.85,54.763,31.762,55.746,0.057,No rule triggered.,False
2026-04-25 21:40:36.470433+00:00,104.968,1.271,72.914,82.26,61.132,35.457,58.051,0.021,No rule triggered.,True
2026-04-25 21:45:36.470433+00:00,104.584,1.542,67.074,82.49,55.857,32.397,57.607,0.059,No rule triggered.,True
2026-04-25 21:50:36.470433+00:00,103.824,1.738,67.911,82.87,55.154,31.989,56.926,0.051,No rule triggered.,False
2026-04-25 21:55:36.470433+00:00,105.161,1.527,68.303,83.27,55.957,32.455,56.691,0.038,No rule triggered.,False
2026-04-25 22:00:36.470433+00:00,104.46,1.292,70.199,83.65,56.428,32.728,56.678,0.001,No rule triggered.,False
2026-04-25 22:05:36.470433+00:00,106.157,1.433,68.424,84.01,56.31,32.66,56.603,0.041,No rule triggered.,False
2026-04-25 22:10:36.470433+00:00,108.553,1.42,69.866,84.38,57.495,33.347,57.003,0.044,No rule triggered.,False
2026-04-25 22:15:36.470433+00:00,107.343,1.558,69.256,84.71,56.842,32.968,57.025,0.068,No rule triggered.,False
2026-04-25 22:20:36.470433+00:00,106.466,1.612,69.287,85.06,58.252,33.786,57.581,0.072,No rule triggered.,False
2026-04-25 22:25:36.470433+00:00,104.195,1.744,66.453,85.37,56.043,32.505,57.099,0.091,No rule triggered.,False
2026-04-25 22:30:36.470433+00:00,108.597,1.321,68.985,85.75,57.251,33.206,57.201,0.043,No rule triggered.,False
2026-04-25 22:35:36.470433+00:00,107.67,1.477,68.418,86.09,57.406,33.295,57.328,0.058,No rule triggered.,False
2026-04-25 22:40:36.470433+00:00,107.913,1.456,68.054,86.42,60.193,34.912,58.509,0.057,No rule triggered.,True
2026-04-25 22:45:36.470433+00:00,106.948,1.71,67.707,86.68,58.068,33.679,58.518,0.098,No rule triggered.,False
2026-04-25 22:50:36.470433+00:00,110.457,1.465,67.652,86.99,56.777,32.931,57.98,0.063,No rule triggered.,False
2026-04-25 22:55:36.470433+00:00,106.243,1.417,70.244,87.34,59.578,34.555,58.664,0.029,No rule triggered.,False
2026-04-25 23:00:36.470433+00:00,105.844,1.624,69.647,87.62,60.88,35.31,59.663,0.055,No rule triggered.,True
2026-04-25 23:05:36.470433+00:00,106.485,1.914,65.44,87.85,55.145,31.984,58.103,0.096,No rule triggered.,True
2026-04-25 23:10:36.470433+00:00,106.803,1.993,66.861,88.25,57.337,33.255,57.791,0.118,No rule triggered.,False
2026-04-25 23:15:36.470433+00:00,105.599,1.648,68.084,88.59,59.476,34.496,58.41,0.063,No rule triggered.,True
2026-04-25 23:20:36.470433+00:00,106.928,1.723,67.623,88.86,61.407,35.616,59.629,0.106,No rule triggered.,False
2026-04-25 23:25:36.470433+00:00,108.578,1.593,68.379,89.08,59.342,34.419,59.692,0.077,No rule triggered.,False
2026-04-25 23:30:36.470433+00:00,108.868,1.547,69.326,89.36,61.452,35.642,60.534,0.065,No rule triggered.,False
2026-04-25 23:35:36.470433+00:00,108.855,1.619,67.338,89.58,58.956,34.194,60.133,0.096,No rule triggered.,False
2026-04-25 23:40:36.470433+00:00,109.654,1.773,66.003,89.87,57.084,33.109,59.06,0.116,No rule triggered.,True
2026-04-25 23:45:36.470433+00:00,108.552,1.723,65.586,90.22,58.573,33.972,58.843,0.111,No rule triggered.,False
2026-04-25 23:50:36.470433+00:00,109.414,1.706,67.393,90.52,59.912,34.749,59.218,0.107,No rule triggered.,False
2026-04-25 23:55:36.470433+00:00,108.997,1.817,65.895,90.78,59.193,34.332,59.216,0.118,No rule triggered.,False
2026-04-26 00:00:36.470433+00:00,109.788,1.718,68.242,91.06,61.827,35.86,60.251,0.096,No rule triggered.,True
2026-04-26 00:05:36.470433+00:00,110.539,1.87,67.161,91.27,60.193,34.912,60.357,0.118,No rule triggered.,False
2026-04-26 00:10:36.470433+00:00,111.305,1.907,66.765,91.52,60.873,35.306,60.676,0.118,No rule triggered.,False
2026-04-26 00:15:36.470433+00:00,112.277,2.03,66.055,91.76,60.824,35.278,60.866,0.118,No rule triggered.,False
2026-04-26 00:20:36.470433+00:00,110.476,1.328,70.41,92.0,62.457,36.225,61.621,0.033,No rule triggered.,False
2026-04-26 00:25:36.470433+00:00,109.918,2.095,65.058,92.18,61.063,35.417,61.594,0.118,No rule triggered.,False
2026-04-26 00:30:36.470433+00:00,113.435,1.826,66.802,92.41,60.105,34.861,61.159,0.118,No rule triggered.,False
2026-04-26 00:35:36.470433+00:00,111.855,1.932,66.521,92.67,59.925,34.756,60.743,0.118,No rule triggered.,False
2026-04-26 00:40:36.470433+00:00,111.305,2.004,66.56,92.93,61.411,35.619,61.012,0.118,No rule triggered.,False
2026-04-26 00:45:36.470433+00:00,111.097,1.935,65.386,93.15,60.671,35.189,60.915,0.118,No rule triggered.,False
2026-04-26 00:50:36.470433+00:00,111.649,1.929,64.727,93.39,58.914,34.17,60.145,0.118,No rule triggered.,False
2026-04-26 00:55:36.470433+00:00,110.605,1.421,69.139,93.68,64.244,37.261,61.682,0.047,No rule triggered.,True
2026-04-26 01:00:36.470433+00:00,111.169,1.873,67.518,93.82,62.276,36.12,62.038,0.118,No rule triggered.,False
2026-04-26 01:05:36.470433+00:00,113.053,2.016,67.603,94.01,62.958,36.515,62.541,0.118,No rule triggered.,False
2026-04-26 01:10:36.470433+00:00,112.859,2.041,65.216,94.19,61.504,35.673,62.305,0.118,No rule triggered.,False
2026-04-26 01:15:36.470433+00:00,115.508,1.855,66.823,94.41,63.611,36.894,62.93,0.118,No rule triggered.,False
2026-04-26 01:20:36.470433+00:00,112.691,2.183,63.934,94.56,59.32,34.405,61.671,0.118,No rule triggered.,True
2026-04-26 01:25:36.470433+00:00,114.079,2.101,63.885,94.84,60.031,34.818,61.005,0.118,No rule triggered.,False
2026-04-26 01:30:36.470433+00:00,112.073,1.59,69.501,95.0,65.55,38.019,62.7,0.07,No rule triggered.,True
2026-04-26 01:35:36.470433+00:00,112.509,2.102,65.15,95.0,59.928,34.758,61.734,0.118,No rule triggered.,True
2026-04-26 01:40:36.470433+00:00,112.1,1.938,65.668,95.0,61.693,35.782,61.704,0.118,No rule triggered.,False
2026-04-26 01:45:36.470433+00:00,112.154,1.913,66.17,95.0,62.105,36.021,61.847,0.118,No rule triggered.,False
2026-04-26 01:50:36.470433+00:00,115.068,1.773,66.924,95.0,65.029,37.717,63.106,0.116,No rule triggered.,True
2026-04-26 01:55:36.470433+00:00,116.846,1.912,66.744,95.0,62.254,36.107,62.925,0.118,No rule triggered.,False
2026-04-26 02:00:36.470433+00:00,112.535,1.923,66.911,95.0,60.729,35.223,62.162,0.118,No rule triggered.,True
2026-04-26 02:05:36.470433+00:00,111.995,2.033,65.044,95.0,61.021,35.392,61.703,0.118,No rule triggered.,False
2026-04-26 02:10:36.470433+00:00,115.227,1.832,67.505,95.0,62.681,36.355,62.026,0.118,No rule triggered.,False
2026-04-26 02:15:36.470433+00:00,112.908,2.125,65.224,95.0,60.552,35.12,61.434,0.118,No rule triggered.,False
2026-04-26 02:20:36.470433+00:00,114.256,2.037,64.18,95.0,59.541,34.534,60.608,0.118,No rule triggered.,False
2026-04-26 02:25:36.470433+00:00,118.529,2.087,65.367,95.0,63.322,36.727,61.515,0.118,No rule triggered.,False
2026-04-26 02:30:36.470433+00:00,114.519,1.821,68.288,95.0,64.517,37.42,62.676,0.111,No rule triggered.,True
2026-04-26 02:35:36.470433+00:00,114.245,2.277,66.049,95.0,62.433,36.211,62.701,0.118,No rule triggered.,False
2026-04-26 02:40:36.470433+00:00,112.101,2.017,65.704,95.0,62.102,36.019,62.565,0.118,No rule triggered.,False
2026-04-26 02:45:36.470433+00:00,114.763,1.548,69.077,95.0,64.131,37.196,63.246,0.066,No rule triggered.,False
2026-04-26 02:50:36.470433+00:00,114.498,1.815,64.8,95.0,60.772,35.248,62.404,0.118,No rule triggered.,False
2026-04-26 02:55:36.470433+00:00,117.199,2.276,64.367,95.0,59.1,34.278,61.108,0.118,No rule triggered.,True
2026-04-26 03:00:36.470433+00:00,113.846,1.776,67.425,95.0,63.305,36.717,61.823,0.116,No rule triggered.,True
2026-04-26 03:05:36.470433+00:00,113.513,1.932,66.301,95.0,61.793,35.84,61.776,0.118,No rule triggered.,False
2026-04-26 03:10:36.470433+00:00,115.089,1.745,65.847,95.0,63.472,36.814,62.411,0.111,No rule triggered.,False
2026-04-26 03:15:36.470433+00:00,118.985,2.127,65.943,95.0,63.112,36.605,62.736,0.118,No rule triggered.,False
2026-04-26 03:20:36.470433+00:00,116.044,1.844,66.645,95.0,61.694,35.782,62.403,0.118,No rule triggered.,False
2026-04-26 03:25:36.470433+00:00,116.113,1.635,67.813,95.0,63.178,36.643,62.731,0.081,No rule triggered.,False
2026-04-26 03:30:36.470433+00:00,115.989,1.953,66.989,95.0,62.249,36.104,62.599,0.118,No rule triggered.,False
2026-04-26 03:35:36.470433+00:00,117.829,1.895,66.754,95.0,61.503,35.672,62.197,0.118,No rule triggered.,False
2026-04-26 03:40:36.470433+00:00,116.677,1.73,69.108,95.0,63.7,36.946,62.766,0.09,No rule triggered.,False
2026-04-26 03:45:36.470433+00:00,115.858,1.961,66.843,95.0,60.586,35.14,61.956,0.118,No rule triggered.,False
2026-04-26 03:50:36.470433+00:00,117.873,1.762,66.761,95.0,61.22,35.508,61.608,0.116,No rule triggered.,False
2026-04-26 03:55:36.470433+00:00,113.724,1.74,66.064,95.0,61.984,35.951,61.668,0.111,No rule triggered.,False
2026-04-26 04:00:36.470433+00:00,117.396,2.124,65.059,95.0,59.799,34.684,60.869,0.118,No rule triggered.,False
2026-04-26 04:05:36.470433+00:00,115.635,1.555,69.106,95.0,62.22,36.088,61.255,0.067,No rule triggered.,False
2026-04-26 04:10:36.470433+00:00,118.141,1.768,67.748,95.0,63.818,37.015,62.194,0.11,No rule triggered.,False
2026-04-26 04:15:36.470433+00:00,117.232,2.029,66.249,95.0,62.169,36.058,62.239,0.118,No rule triggered.,False
2026-04-26 04:20:36.470433+00:00,115.066,1.74,67.298,95.0,61.192,35.491,61.876,0.111,No rule triggered.,False
2026-04-26 04:25:36.470433+00:00,119.774,1.785,66.076,95.0,61.233,35.515,61.619,0.116,No rule triggered.,False
2026-04-26 04:30:36.470433+00:00,117.257,1.612,68.422,95.0,64.327,37.31,62.653,0.078,No rule triggered.,True
2026-04-26 04:35:36.470433+00:00,116.369,1.738,68.55,95.0,62.723,36.379,62.777,0.094,No rule triggered.,False
2026-04-26 04:40:36.470433+00:00,116.821,1.568,69.375,95.0,64.058,37.153,63.374,0.07,No rule triggered.,False
2026-04-26 04:45:36.470433+00:00,117.531,1.531,67.859,95.0,60.862,35.3,62.53,0.071,No rule triggered.,False
2026-04-26 04:50:36.470433+00:00,115.462,1.633,68.347,95.0,61.667,35.767,62.206,0.079,No rule triggered.,False
2026-04-26 04:55:36.470433+00:00,116.985,1.865,67.364,95.0,61.721,35.798,61.989,0.118,No rule triggered.,False
2026-04-26 05:00:36.470433+00:00,118.674,1.579,67.356,95.0,64.275,37.28,62.843,0.093,No rule triggered.,False
2026-04-26 05:05:36.470433+00:00,118.101,1.916,66.025,95.0,60.776,35.25,62.093,0.118,No rule triggered.,False
2026-04-26 05:10:36.470433+00:00,117.574,2.17,65.746,95.0,61.076,35.424,61.654,0.118,No rule triggered.,False
2026-04-26 05:15:36.470433+00:00,118.336,1.904,66.089,95.0,61.174,35.481,61.382,0.118,No rule triggered.,False
2026-04-26 05:20:36.470433+00:00,117.902,1.672,69.286,95.0,65.342,37.898,62.843,0.073,No rule triggered.,True
2026-04-26 05:25:36.470433+00:00,116.255,1.812,69.226,95.0,64.663,37.504,63.656,0.104,No rule triggered.,False
2026-04-26 05:30:36.470433+00:00,118.163,1.984,65.171,95.0,61.112,35.445,62.827,0.118,No rule triggered.,True
2026-04-26 05:35:36.470433+00:00,119.068,1.526,69.149,95.0,64.429,37.369,63.499,0.061,No rule triggered.,False
2026-04-26 05:40:36.470433+00:00,117.771,1.373,69.74,95.0,63.774,36.989,63.72,0.042,No rule triggered.,False
2026-04-26 05:45:36.470433+00:00,117.621,1.722,66.599,95.0,60.745,35.232,62.665,0.111,No rule triggered.,False
2026-04-26 05:50:36.470433+00:00,119.694,2.039,67.79,95.0,63.826,37.019,63.09,0.113,No rule triggered.,False
2026-04-26 05:55:36.470433+00:00,118.18,1.584,70.046,95.0,66.262,38.432,64.365,0.069,No rule triggered.,True
2026-04-26 06:00:36.470433+00:00,117.927,1.832,67.197,95.0,62.751,36.395,63.901,0.118,No rule triggered.,False
2026-04-26 06:05:36.470433+00:00,119.102,1.544,69.225,95.0,61.977,35.946,63.226,0.065,No rule triggered.,True
2026-04-26 06:10:36.470433+00:00,119.342,1.663,68.17,95.0,64.475,37.396,63.704,0.08,No rule triggered.,False
2026-04-26 06:15:36.470433+00:00,117.297,1.368,69.602,95.0,63.131,36.616,63.524,0.041,No rule triggered.,False
2026-04-26 06:20:36.470433+00:00,119.757,1.368,68.691,95.0,63.696,36.944,63.607,0.05,No rule triggered.,False
2026-04-26 06:25:36.470433+00:00,116.002,1.41,70.47,95.0,64.976,37.686,64.169,0.042,No rule triggered.,False
2026-04-26 06:30:36.470433+00:00,118.541,1.611,67.691,95.0,62.823,36.437,63.723,0.084,No rule triggered.,False
2026-04-26 06:35:36.470433+00:00,117.103,1.355,69.935,95.0,64.312,37.301,63.97,0.039,No rule triggered.,False
2026-04-26 06:40:36.470433+00:00,117.24,1.662,68.241,95.0,64.674,37.511,64.289,0.08,No rule triggered.,False
2026-04-26 06:45:36.470433+00:00,118.73,1.879,65.9,95.0,60.82,35.276,62.994,0.118,No rule triggered.,True
2026-04-26 06:50:36.470433+00:00,120.594,1.751,65.542,95.0,61.561,35.705,62.331,0.111,No rule triggered.,False
2026-04-26 06:55:36.470433+00:00,118.956,1.543,68.67,95.0,64.444,37.377,63.006,0.068,No rule triggered.,False
2026-04-26 07:00:36.470433+00:00,117.611,1.587,66.221,95.0,60.307,34.978,61.897,0.094,No rule triggered.,True
2026-04-26 07:05:36.470433+00:00,119.118,1.321,69.187,95.0,63.188,36.649,62.236,0.042,No rule triggered.,False
2026-04-26 07:10:36.470433+00:00,116.261,1.038,71.745,95.0,66.384,38.503,63.775,0.051,No rule triggered.,True
2026-04-26 07:15:36.470433+00:00,119.11,1.308,71.199,95.0,65.938,38.244,64.735,0.038,No rule triggered.,False
2026-04-26 07:20:36.470433+00:00,118.378,1.533,68.459,95.0,63.316,36.723,64.377,0.068,No rule triggered.,False
2026-04-26 07:25:36.470433+00:00,117.58,1.126,72.27,95.0,67.528,39.166,65.737,0.048,No rule triggered.,True
2026-04-26 07:30:36.470433+00:00,116.153,1.363,70.213,95.0,67.327,39.05,66.622,0.04,No rule triggered.,False
2026-04-26 07:35:36.470433+00:00,117.879,1.632,69.17,95.0,63.709,36.951,65.787,0.072,No rule triggered.,False
2026-04-26 07:40:36.470433+00:00,117.905,1.273,70.41,95.0,63.281,36.703,64.951,0.037,No rule triggered.,True
2026-04-26 07:45:36.470433+00:00,116.837,0.802,73.559,95.0,67.395,39.089,65.935,0.049,No rule triggered.,True
2026-04-26 07:50:36.470433+00:00,116.767,1.285,68.858,95.0,62.645,36.334,64.773,0.048,No rule triggered.,True
2026-04-26 07:55:36.470433+00:00,113.951,1.022,73.459,95.0,68.79,39.898,66.325,0.05,No rule triggered.,True
2026-04-26 08:00:36.470433+00:00,114.871,1.26,70.121,95.0,65.597,38.046,66.199,0.039,No rule triggered.,False
2026-04-26 08:05:36.470433+00:00,119.474,1.224,70.782,95.0,66.219,38.407,66.321,0.036,No rule triggered.,False
2026-04-26 08:10:36.470433+00:00,116.378,1.336,69.941,95.0,62.607,36.312,64.964,0.036,No rule triggered.,True
2026-04-26 08:15:36.470433+00:00,116.207,1.331,69.666,95.0,64.234,37.256,64.599,0.036,No rule triggered.,False
2026-04-26 08:20:36.470433+00:00,114.483,1.163,73.464,95.0,66.816,38.753,65.367,0.048,No rule triggered.,True
2026-04-26 08:25:36.470433+00:00,115.142,1.043,72.747,95.0,66.604,38.63,65.862,0.055,No rule triggered.,False
2026-04-26 08:30:36.470433+00:00,117.674,1.282,69.937,95.0,63.047,36.567,64.817,0.038,No rule triggered.,False
2026-04-26 08:35:36.470433+00:00,115.191,0.647,74.865,95.0,69.835,40.505,66.722,0.048,"Water is clear, save energy while staying compliant.",True
2026-04-26 08:40:36.470433+00:00,118.931,1.313,68.971,89.0,61.082,35.428,64.669,0.045,No rule triggered.,True
2026-04-26 08:45:36.470433+00:00,114.895,0.873,72.654,89.23,64.774,37.569,64.601,0.051,No rule triggered.,False
2026-04-26 08:50:36.470433+00:00,112.29,0.827,72.768,89.35,63.517,36.84,64.077,0.054,No rule triggered.,False
2026-04-26 08:55:36.470433+00:00,116.186,0.991,73.192,89.51,63.809,37.009,63.832,0.047,No rule triggered.,False
2026-04-26 09:00:36.470433+00:00,114.585,1.045,71.949,89.66,62.118,36.029,63.015,0.051,No rule triggered.,False
2026-04-26 09:05:36.470433+00:00,116.721,1.074,70.876,89.86,64.556,37.442,63.411,0.041,No rule triggered.,False
2026-04-26 09:10:36.470433+00:00,113.211,1.05,74.21,89.98,63.711,36.953,63.407,0.054,No rule triggered.,False
2026-04-26 09:15:36.470433+00:00,115.606,0.933,71.859,90.14,62.45,36.221,62.931,0.053,No rule triggered.,False
2026-04-26 09:20:36.470433+00:00,116.26,0.881,72.273,90.33,63.49,36.824,63.016,0.052,No rule triggered.,False
2026-04-26 09:25:36.470433+00:00,113.666,0.91,73.581,90.48,65.356,37.907,63.839,0.045,No rule triggered.,True
2026-04-26 09:30:36.470433+00:00,115.404,0.944,72.209,90.59,64.493,37.406,64.116,0.054,No rule triggered.,False
2026-04-26 09:35:36.470433+00:00,113.104,1.186,70.917,90.72,62.062,35.996,63.355,0.039,No rule triggered.,False
2026-04-26 09:40:36.470433+00:00,113.573,0.936,71.665,90.92,62.532,36.269,62.979,0.054,No rule triggered.,False
2026-04-26 09:45:36.470433+00:00,111.036,0.744,71.526,91.11,64.556,37.442,63.513,0.057,"Water is clear, save energy while staying compliant.",False
2026-04-26 09:50:36.470433+00:00,115.27,0.609,73.582,85.88,61.817,35.854,62.839,0.038,"Water is clear, save energy while staying compliant.",False
2026-04-26 09:55:36.470433+00:00,114.156,1.075,74.006,81.71,58.96,34.197,61.225,0.053,No rule triggered.,True
2026-04-26 10:00:36.470433+00:00,114.532,0.973,71.547,82.0,57.104,33.12,59.339,0.052,No rule triggered.,False
2026-04-26 10:05:36.470433+00:00,112.427,0.825,73.149,82.34,57.625,33.422,58.228,0.047,No rule triggered.,False
2026-04-26 10:10:36.470433+00:00,113.511,0.791,73.691,82.67,58.683,34.036,57.925,0.052,"Water is clear, save energy while staying compliant.",False
2026-04-26 10:15:36.470433+00:00,112.306,0.483,74.176,79.14,57.108,33.123,57.18,0.052,"Water is clear, save energy while staying compliant.",False
2026-04-26 10:20:36.470433+00:00,111.858,0.724,73.688,76.31,53.998,31.319,55.497,-0.025,"Water is clear, save energy while staying compliant.",True
2026-04-26 10:25:36.470433+00:00,112.846,0.422,74.314,74.05,51.069,29.62,53.206,-0.068,"Water is clear, save energy while staying compliant.",False
2026-04-26 10:30:36.470433+00:00,112.555,0.818,72.719,72.24,50.975,29.566,51.615,-0.072,No rule triggered.,False
2026-04-26 10:35:36.470433+00:00,112.892,0.745,71.65,72.76,49.707,28.83,50.101,-0.072,"Water is clear, save energy while staying compliant.",True
2026-04-26 10:40:36.470433+00:00,111.915,0.795,73.868,71.21,50.549,29.319,49.485,-0.078,"Water is clear, save energy while staying compliant.",False
2026-04-26 10:45:36.470433+00:00,113.958,0.973,73.297,69.97,49.65,28.797,48.84,-0.07,No rule triggered.,False
2026-04-26 10:50:36.470433+00:00,112.144,0.892,71.281,70.53,48.238,27.978,47.956,-0.033,No rule triggered.,False
2026-04-26 10:55:36.470433+00:00,111.685,0.368,74.904,71.13,52.712,30.573,49.206,-0.044,"Water is clear, save energy while staying compliant.",True
2026-04-26 11:00:36.470433+00:00,113.556,0.689,73.677,69.9,50.447,29.259,49.343,-0.09,"Water is clear, save energy while staying compliant.",False
2026-04-26 11:05:36.470433+00:00,111.53,0.816,74.859,68.92,48.44,28.095,48.721,-0.041,No rule triggered.,True
2026-04-26 11:10:36.470433+00:00,110.44,0.392,74.449,69.52,50.487,29.283,49.129,-0.059,"Water is clear, save energy while staying compliant.",False
2026-04-26 11:15:36.470433+00:00,109.28,0.804,74.434,68.61,48.824,28.318,48.827,-0.07,No rule triggered.,False
2026-04-26 11:20:36.470433+00:00,110.883,0.721,74.316,69.2,51.237,29.718,49.595,-0.079,"Water is clear, save energy while staying compliant.",False
2026-04-26 11:25:36.470433+00:00,112.995,0.926,73.103,68.36,48.342,28.039,49.047,-0.046,No rule triggered.,False
2026-04-26 11:30:36.470433+00:00,111.515,0.568,75.503,68.96,49.492,28.705,49.113,-0.073,"Water is clear, save energy while staying compliant.",False
2026-04-26 11:35:36.470433+00:00,113.037,0.769,73.607,68.16,49.839,28.907,49.319,-0.077,"Water is clear, save energy while staying compliant.",False
2026-04-26 11:40:36.470433+00:00,111.209,0.2,76.124,67.53,48.779,28.292,49.067,-0.007,"Water is clear, save energy while staying compliant.",False
2026-04-26 11:45:36.470433+00:00,110.821,0.856,72.377,67.03,49.276,28.58,49.088,-0.073,No rule triggered.,False
2026-04-26 11:50:36.470433+00:00,109.672,0.363,76.059,67.6,49.079,28.466,49.037,-0.03,"Water is clear, save energy while staying compliant.",False
2026-04-26 11:55:36.470433+00:00,111.36,0.504,74.052,67.08,49.008,28.425,48.982,-0.063,"Water is clear, save energy while staying compliant.",False
2026-04-26 12:00:36.470433+00:00,109.049,0.66,73.947,66.66,47.008,27.265,48.162,-0.059,"Water is clear, save energy while staying compliant.",True
2026-04-26 12:05:36.470433+00:00,111.902,0.576,74.418,66.33,48.829,28.321,48.294,-0.092,"Water is clear, save energy while staying compliant.",False
2026-04-26 12:10:36.470433+00:00,111.552,0.645,73.531,66.06,47.64,27.631,47.946,-0.067,"Water is clear, save energy while staying compliant.",False
2026-04-26 12:15:36.470433+00:00,110.348,0.852,73.308,65.85,48.448,28.1,48.03,-0.051,No rule triggered.,False
2026-04-26 12:20:36.470433+00:00,109.55,0.268,75.21,66.45,50.172,29.1,48.793,-0.041,"Water is clear, save energy while staying compliant.",False
2026-04-26 12:25:36.470433+00:00,107.858,0.806,73.752,66.16,48.373,28.057,48.654,-0.049,No rule triggered.,False
2026-04-26 12:30:36.470433+00:00,108.802,0.513,75.005,66.75,47.918,27.792,48.368,-0.061,"Water is clear, save energy while staying compliant.",False
2026-04-26 12:35:36.470433+00:00,108.734,0.869,71.081,66.4,44.719,25.937,46.9,-0.0,No rule triggered.,True
2026-04-26 12:40:36.470433+00:00,108.891,0.71,73.681,67.11,46.136,26.759,46.398,-0.027,"Water is clear, save energy while staying compliant.",False
2026-04-26 12:45:36.470433+00:00,110.1,0.417,76.123,66.68,46.312,26.861,46.143,0.035,"Water is clear, save energy while staying compliant.",False
2026-04-26 12:50:36.470433+00:00,107.134,0.576,76.095,66.35,49.167,28.517,47.127,-0.055,"Water is clear, save energy while staying compliant.",True
2026-04-26 12:55:36.470433+00:00,105.979,0.814,74.922,66.08,47.687,27.659,47.299,-0.059,No rule triggered.,False
2026-04-26 13:00:36.470433+00:00,105.501,0.701,76.499,66.7,50.78,29.452,48.652,-0.07,"Water is clear, save energy while staying compliant.",False
2026-04-26 13:05:36.470433+00:00,108.574,0.323,77.398,66.36,49.478,28.697,49.124,0.023,"Water is clear, save energy while staying compliant.",False
2026-04-26 13:10:36.470433+00:00,108.013,0.693,74.257,66.09,46.654,27.06,48.326,-0.044,"Water is clear, save energy while staying compliant.",True
2026-04-26 13:15:36.470433+00:00,105.494,0.526,74.135,65.87,45.86,26.599,47.398,-0.024,"Water is clear, save energy while staying compliant.",False
2026-04-26 13:20:36.470433+00:00,106.529,0.2,75.453,65.69,48.159,27.932,47.623,-0.005,"Water is clear, save energy while staying compliant.",False
2026-04-26 13:25:36.470433+00:00,107.712,0.91,71.045,65.56,46.059,26.714,46.973,0.002,No rule triggered.,False
2026-04-26 13:30:36.470433+00:00,106.613,0.441,77.066,66.22,48.091,27.893,47.309,0.021,"Water is clear, save energy while staying compliant.",False
2026-04-26 13:35:36.470433+00:00,104.803,0.571,74.877,65.98,46.694,27.083,47.023,-0.059,"Water is clear, save energy while staying compliant.",False
2026-04-26 13:40:36.470433+00:00,107.421,0.618,73.648,65.78,47.479,27.538,47.133,-0.071,"Water is clear, save energy while staying compliant.",False
2026-04-26 13:45:36.470433+00:00,103.787,0.439,75.781,65.62,45.732,26.525,46.539,-0.025,"Water is clear, save energy while staying compliant.",False
2026-04-26 13:50:36.470433+00:00,105.881,0.651,75.674,65.5,50.794,29.461,48.11,-0.081,"Water is clear, save energy while staying compliant.",True
2026-04-26 13:55:36.470433+00:00,104.461,0.692,75.085,65.4,47.633,27.627,48.026,-0.117,"Water is clear, save energy while staying compliant.",False
2026-04-26 14:00:36.470433+00:00,104.258,0.625,73.533,65.32,49.536,28.731,48.694,-0.134,"Water is clear, save energy while staying compliant.",False
2026-04-26 14:05:36.470433+00:00,106.912,0.864,71.906,65.26,47.095,27.315,48.203,-0.055,No rule triggered.,False
2026-04-26 14:10:36.470433+00:00,108.033,0.496,73.819,65.89,44.577,25.855,46.826,0.0,"Water is clear, save energy while staying compliant.",True
2026-04-26 14:15:36.470433+00:00,103.002,0.52,73.889,65.71,46.792,27.139,46.69,-0.086,"Water is clear, save energy while staying compliant.",False
2026-04-26 14:20:36.470433+00:00,108.307,0.762,73.382,65.57,45.626,26.463,46.156,-0.031,"Water is clear, save energy while staying compliant.",False
2026-04-26 14:25:36.470433+00:00,104.764,0.686,72.641,65.46,44.476,25.796,45.338,-0.05,"Water is clear, save energy while staying compliant.",False
2026-04-26 14:30:36.470433+00:00,105.306,0.832,72.253,65.36,44.627,25.884,44.835,-0.035,No rule triggered.,False
2026-04-26 14:35:36.470433+00:00,103.268,0.261,77.889,66.07,50.229,29.133,46.721,-0.04,"Water is clear, save energy while staying compliant.",True
2026-04-26 14:40:36.470433+00:00,103.783,0.652,73.756,65.86,47.222,27.389,46.952,-0.132,"Water is clear, save energy while staying compliant.",False
2026-04-26 14:45:36.470433+00:00,105.145,0.635,73.611,65.69,44.789,25.978,46.155,-0.035,"Water is clear, save energy while staying compliant.",True
2026-04-26 14:50:36.470433+00:00,103.932,0.232,76.463,65.55,48.495,28.127,47.025,-0.052,"Water is clear, save energy while staying compliant.",False
2026-04-26 14:55:36.470433+00:00,105.148,0.236,75.771,65.44,48.681,28.235,47.741,-0.048,"Water is clear, save energy while staying compliant.",False
2026-04-26 15:00:36.470433+00:00,106.903,0.694,73.486,65.35,44.683,25.916,46.672,-0.031,"Water is clear, save energy while staying compliant.",False
2026-04-26 15:05:36.470433+00:00,106.47,0.397,72.839,65.28,47.621,27.62,47.027,-0.035,"Water is clear, save energy while staying compliant.",False
2026-04-26 15:10:36.470433+00:00,102.554,0.566,74.388,65.22,45.183,26.206,46.328,-0.083,"Water is clear, save energy while staying compliant.",False
2026-04-26 15:15:36.470433+00:00,102.963,0.631,74.438,65.18,46.897,27.2,46.49,-0.11,"Water is clear, save energy while staying compliant.",False
2026-04-26 15:20:36.470433+00:00,107.395,0.399,75.865,65.14,46.295,26.851,46.383,0.033,"Water is clear, save energy while staying compliant.",False
2026-04-26 15:25:36.470433+00:00,105.754,0.359,76.376,65.11,46.818,27.155,46.518,0.026,"Water is clear, save energy while staying compliant.",False
2026-04-26 15:30:36.470433+00:00,103.131,0.45,74.81,65.09,47.678,27.653,46.961,-0.107,"Water is clear, save energy while staying compliant.",False
2026-04-26 15:35:36.470433+00:00,102.682,0.378,76.015,65.07,48.828,28.32,47.739,-0.102,"Water is clear, save energy while staying compliant.",True
2026-04-26 15:40:36.470433+00:00,107.43,0.734,73.56,65.06,45.199,26.215,46.865,-0.024,"Water is clear, save energy while staying compliant.",False
2026-04-26 15:45:36.470433+00:00,101.988,0.372,75.376,65.05,48.083,27.888,47.343,-0.098,"Water is clear, save energy while staying compliant.",False
2026-04-26 15:50:36.470433+00:00,102.654,0.54,73.544,65.04,46.662,27.064,47.129,-0.093,"Water is clear, save energy while staying compliant.",False
2026-04-26 15:55:36.470433+00:00,105.844,0.746,75.016,65.03,47.804,27.727,47.414,-0.074,"Water is clear, save energy while staying compliant.",False
2026-04-26 16:00:36.470433+00:00,107.13,0.349,77.082,65.02,48.764,28.283,47.995,0.022,"Water is clear, save energy while staying compliant.",False
2026-04-26 16:05:36.470433+00:00,104.134,0.857,72.185,65.02,44.247,25.663,46.627,-0.061,No rule triggered.,True
2026-04-26 16:10:36.470433+00:00,101.867,0.483,74.954,65.74,47.98,27.829,47.084,-0.132,"Water is clear, save energy while staying compliant.",False
2026-04-26 16:15:36.470433+00:00,100.649,1.023,73.044,65.59,45.749,26.534,46.551,-0.056,No rule triggered.,False
2026-04-26 16:20:36.470433+00:00,102.613,0.739,73.988,66.26,48.058,27.874,47.076,-0.152,"Water is clear, save energy while staying compliant.",False
2026-04-26 16:25:36.470433+00:00,107.16,0.257,77.479,66.01,49.13,28.495,47.893,0.027,"Water is clear, save energy while staying compliant.",True
2026-04-26 16:30:36.470433+00:00,104.719,0.402,75.755,65.81,47.784,27.715,47.954,-0.053,"Water is clear, save energy while staying compliant.",False
2026-04-26 16:35:36.470433+00:00,101.9,0.678,73.477,65.65,45.417,26.342,47.044,-0.096,"Water is clear, save energy while staying compliant.",False
2026-04-26 16:40:36.470433+00:00,103.828,0.406,76.249,65.52,45.172,26.2,46.27,-0.011,"Water is clear, save energy while staying compliant.",False
2026-04-26 16:45:36.470433+00:00,102.415,0.454,74.817,65.41,45.847,26.591,45.982,-0.053,"Water is clear, save energy while staying compliant.",False
2026-04-26 16:50:36.470433+00:00,100.735,0.98,72.239,65.33,45.79,26.558,45.774,-0.055,No rule triggered.,False
2026-04-26 16:55:36.470433+00:00,100.959,0.681,75.18,66.0,47.756,27.698,46.424,-0.133,"Water is clear, save energy while staying compliant.",False
2026-04-26 17:00:36.470433+00:00,102.348,0.682,73.314,65.8,46.431,26.93,46.399,-0.093,"Water is clear, save energy while staying compliant.",False
2026-04-26 17:05:36.470433+00:00,100.485,0.618,75.04,65.64,47.239,27.398,46.705,-0.099,"Water is clear, save energy while staying compliant.",False
2026-04-26 17:10:36.470433+00:00,101.159,0.732,71.887,65.51,46.212,26.803,46.528,-0.075,"Water is clear, save energy while staying compliant.",False
2026-04-26 17:15:36.470433+00:00,101.415,0.816,74.359,65.41,46.81,27.15,46.631,-0.103,No rule triggered.,False
2026-04-26 17:20:36.470433+00:00,105.404,0.887,72.311,66.05,46.4,26.912,46.546,-0.029,No rule triggered.,False
2026-04-26 17:25:36.470433+00:00,100.773,0.777,73.169,66.71,46.744,27.112,46.619,-0.104,"Water is clear, save energy while staying compliant.",False
2026-04-26 17:30:36.470433+00:00,101.632,0.684,72.206,66.37,46.033,26.699,46.393,-0.08,"Water is clear, save energy while staying compliant.",False
2026-04-26 17:35:36.470433+00:00,102.205,0.553,75.335,66.09,47.618,27.619,46.852,-0.134,"Water is clear, save energy while staying compliant.",False
2026-04-26 17:40:36.470433+00:00,104.043,0.656,73.538,65.87,46.135,26.759,46.606,-0.072,"Water is clear, save energy while staying compliant.",False
2026-04-26 17:45:36.470433+00:00,101.559,0.857,73.939,65.7,45.757,26.539,46.271,-0.077,No rule triggered.,False
2026-04-26 17:50:36.470433+00:00,100.455,0.601,73.516,66.37,47.236,27.397,46.61,-0.11,"Water is clear, save energy while staying compliant.",False
2026-04-26 17:55:36.470433+00:00,100.634,0.862,73.24,66.1,46.668,27.067,46.641,-0.096,No rule triggered.,False
2026-04-26 18:00:36.470433+00:00,104.516,0.916,71.851,66.74,45.074,26.143,46.034,-0.036,No rule triggered.,False
2026-04-26 18:05:36.470433+00:00,100.595,0.919,73.37,67.44,47.302,27.435,46.469,-0.122,No rule triggered.,False
2026-04-26 18:10:36.470433+00:00,103.714,0.775,73.542,68.07,47.165,27.356,46.744,-0.136,"Water is clear, save energy while staying compliant.",False
2026-04-26 18:15:36.470433+00:00,101.232,1.326,69.637,67.45,44.497,25.808,45.891,-0.018,No rule triggered.,True
2026-04-26 18:20:36.470433+00:00,101.782,1.035,71.977,68.16,47.353,27.465,46.392,-0.142,No rule triggered.,False
2026-04-26 18:25:36.470433+00:00,104.219,0.973,72.765,68.79,47.925,27.796,46.995,-0.106,No rule triggered.,False
2026-04-26 18:30:36.470433+00:00,101.965,0.884,70.546,69.4,46.581,27.017,46.904,-0.067,No rule triggered.,False
2026-04-26 18:35:36.470433+00:00,101.436,0.895,72.4,70.05,47.289,27.428,47.102,-0.144,No rule triggered.,False
2026-04-26 18:40:36.470433+00:00,100.725,1.019,72.033,70.68,48.238,27.978,47.611,-0.118,No rule triggered.,False
2026-04-26 18:45:36.470433+00:00,100.902,0.963,73.401,71.28,51.89,30.096,49.407,-0.115,No rule triggered.,True
2026-04-26 18:50:36.470433+00:00,103.456,0.899,73.39,71.77,48.644,28.214,49.41,-0.133,No rule triggered.,False
2026-04-26 18:55:36.470433+00:00,100.295,0.922,72.142,72.36,50.201,29.117,49.965,-0.117,No rule triggered.,False
2026-04-26 19:00:36.470433+00:00,99.07,1.118,69.873,72.91,48.422,28.085,49.619,-0.038,No rule triggered.,False
2026-04-26 19:05:36.470433+00:00,100.585,0.759,72.437,73.5,51.726,30.001,50.618,-0.098,"Water is clear, save energy while staying compliant.",False
2026-04-26 19:10:36.470433+00:00,103.217,0.85,72.111,71.8,50.159,29.092,50.692,-0.151,No rule triggered.,False
2026-04-26 19:15:36.470433+00:00,99.368,1.311,69.649,72.35,48.701,28.247,50.121,-0.027,No rule triggered.,False
2026-04-26 19:20:36.470433+00:00,104.031,1.147,72.171,72.93,51.831,30.062,50.898,-0.116,No rule triggered.,False
2026-04-26 19:25:36.470433+00:00,104.412,1.074,72.997,73.43,51.494,29.866,51.308,-0.115,No rule triggered.,False
2026-04-26 19:30:36.470433+00:00,101.227,1.051,72.472,73.94,52.089,30.212,51.806,-0.115,No rule triggered.,False
2026-04-26 19:35:36.470433+00:00,103.2,1.179,68.718,74.43,49.743,28.851,51.205,-0.096,No rule triggered.,False
2026-04-26 19:40:36.470433+00:00,101.605,1.157,68.68,74.99,48.636,28.209,50.291,-0.074,No rule triggered.,False
2026-04-26 19:45:36.470433+00:00,104.132,0.786,73.978,75.57,54.472,31.594,51.908,-0.047,"Water is clear, save energy while staying compliant.",True
2026-04-26 19:50:36.470433+00:00,101.515,1.046,73.968,73.46,51.294,29.751,51.835,-0.136,No rule triggered.,False
2026-04-26 19:55:36.470433+00:00,102.571,0.98,73.309,73.97,51.185,29.688,51.706,-0.141,No rule triggered.,False
2026-04-26 20:00:36.470433+00:00,100.483,1.434,70.502,74.49,51.584,29.918,51.744,-0.069,No rule triggered.,False
2026-04-26 20:05:36.470433+00:00,101.859,1.182,69.526,74.99,51.023,29.593,51.534,-0.117,No rule triggered.,False
2026-04-26 20:10:36.470433+00:00,102.245,1.686,67.955,75.51,50.026,29.015,50.974,-0.015,No rule triggered.,True
2026-04-26 20:15:36.470433+00:00,106.05,1.343,68.725,76.06,51.574,29.913,51.17,-0.061,No rule triggered.,False
2026-04-26 20:20:36.470433+00:00,102.707,1.106,72.379,76.57,51.853,30.075,51.431,-0.124,No rule triggered.,False
2026-04-26 20:25:36.470433+00:00,102.979,1.125,71.546,77.06,54.053,31.351,52.489,-0.09,No rule triggered.,False
2026-04-26 20:30:36.470433+00:00,104.718,0.979,72.535,77.49,54.312,31.501,53.354,-0.051,No rule triggered.,True
2026-04-26 20:35:36.470433+00:00,105.306,1.197,69.87,77.92,50.94,29.545,52.623,-0.099,No rule triggered.,False
2026-04-26 20:40:36.470433+00:00,100.632,1.527,68.116,78.44,49.6,28.768,51.522,-0.012,No rule triggered.,True
2026-04-26 20:45:36.470433+00:00,101.997,1.105,71.008,79.0,51.156,29.67,51.318,-0.135,No rule triggered.,False
2026-04-26 20:50:36.470433+00:00,105.23,1.115,70.243,79.52,53.363,30.951,52.051,-0.087,No rule triggered.,False
2026-04-26 20:55:36.470433+00:00,101.916,1.735,66.728,79.97,51.272,29.738,51.774,0.038,No rule triggered.,False
2026-04-26 21:00:36.470433+00:00,106.46,1.29,71.268,80.49,56.102,32.539,53.47,0.04,No rule triggered.,True
2026-04-26 21:05:36.470433+00:00,103.323,1.323,71.955,80.86,55.767,32.345,54.571,0.004,No rule triggered.,False
2026-04-26 21:10:36.470433+00:00,107.958,1.483,68.287,81.24,51.753,30.017,53.749,-0.021,No rule triggered.,True
2026-04-26 21:15:36.470433+00:00,106.418,1.666,67.43,81.74,52.895,30.679,53.546,0.014,No rule triggered.,False
2026-04-26 21:20:36.470433+00:00,104.879,1.244,71.105,82.21,55.406,32.136,54.361,-0.033,No rule triggered.,False
2026-04-26 21:25:36.470433+00:00,104.387,1.399,69.913,82.6,55.848,32.392,55.111,0.01,No rule triggered.,True
2026-04-26 21:30:36.470433+00:00,104.86,1.338,68.606,82.98,54.809,31.789,55.213,-0.033,No rule triggered.,False
2026-04-26 21:35:36.470433+00:00,103.824,1.495,70.093,83.39,57.577,33.394,56.334,0.024,No rule triggered.,False
2026-04-26 21:40:36.470433+00:00,104.967,1.279,71.348,83.72,58.315,33.823,57.401,0.011,No rule triggered.,False
2026-04-26 21:45:36.470433+00:00,105.572,1.749,68.354,84.03,55.432,32.151,56.983,0.059,No rule triggered.,False
2026-04-26 21:50:36.470433+00:00,106.298,1.57,68.807,84.42,54.929,31.859,56.411,0.033,No rule triggered.,False
2026-04-26 21:55:36.470433+00:00,108.453,1.515,69.893,84.83,56.361,32.69,56.513,0.057,No rule triggered.,False
2026-04-26 22:00:36.470433+00:00,109.048,1.488,67.794,85.2,54.812,31.791,55.952,0.023,No rule triggered.,False
2026-04-26 22:05:36.470433+00:00,109.385,1.604,69.308,85.61,57.045,33.086,56.404,0.072,No rule triggered.,False
2026-04-26 22:10:36.470433+00:00,107.313,1.936,65.685,85.95,54.24,31.459,55.622,0.077,No rule triggered.,False
2026-04-26 22:15:36.470433+00:00,104.929,1.585,68.226,86.38,56.922,33.015,56.098,0.049,No rule triggered.,False
2026-04-26 22:20:36.470433+00:00,107.429,1.514,67.579,86.73,56.24,32.619,56.181,0.08,No rule triggered.,False
2026-04-26 22:25:36.470433+00:00,108.303,1.896,66.103,87.1,54.686,31.718,55.624,0.09,No rule triggered.,False
2026-04-26 22:30:36.470433+00:00,106.845,1.609,68.345,87.51,57.213,33.184,56.209,0.078,No rule triggered.,False
2026-04-26 22:35:36.470433+00:00,106.87,1.583,68.844,87.85,57.158,33.152,56.62,0.074,No rule triggered.,False
2026-04-26 22:40:36.470433+00:00,107.185,1.537,68.661,88.19,59.979,34.788,58.023,0.068,No rule triggered.,True
2026-04-26 22:45:36.470433+00:00,109.422,1.752,67.437,88.45,57.26,33.211,57.953,0.112,No rule triggered.,False
2026-04-26 22:50:36.470433+00:00,107.464,1.734,67.905,88.79,57.49,33.344,57.948,0.097,No rule triggered.,False
2026-04-26 22:55:36.470433+00:00,110.91,1.508,69.648,89.13,61.2,35.496,59.371,0.054,No rule triggered.,False
2026-04-26 23:00:36.470433+00:00,107.434,1.683,68.824,89.35,57.418,33.303,58.886,0.078,No rule triggered.,False
2026-04-26 23:05:36.470433+00:00,107.579,1.427,69.577,89.69,59.114,34.286,59.145,0.044,No rule triggered.,False
2026-04-26 23:10:36.470433+00:00,107.242,1.639,67.42,89.97,59.497,34.508,59.451,0.096,No rule triggered.,False
2026-04-26 23:15:36.470433+00:00,105.543,1.703,67.363,90.25,56.903,33.004,58.618,0.093,No rule triggered.,True
2026-04-26 23:20:36.470433+00:00,108.391,1.528,69.527,90.6,59.858,34.718,59.144,0.062,No rule triggered.,False
2026-04-26 23:25:36.470433+00:00,109.338,1.697,66.266,90.86,57.697,33.464,58.667,0.101,No rule triggered.,False
2026-04-26 23:30:36.470433+00:00,108.725,1.952,67.505,91.19,57.796,33.522,58.341,0.118,No rule triggered.,False
2026-04-26 23:35:36.470433+00:00,111.45,2.048,64.972,91.51,55.946,32.449,57.372,0.118,No rule triggered.,False
2026-04-26 23:40:36.470433+00:00,108.556,1.457,69.292,91.89,59.325,34.408,58.006,0.052,No rule triggered.,False
2026-04-26 23:45:36.470433+00:00,110.851,1.645,68.056,92.17,60.642,35.172,59.011,0.08,No rule triggered.,True
2026-04-26 23:50:36.470433+00:00,109.146,1.799,66.379,92.41,59.135,34.299,59.154,0.116,No rule triggered.,False
2026-04-26 23:55:36.470433+00:00,108.171,1.799,67.918,92.7,61.964,35.939,60.354,0.106,No rule triggered.,False
2026-04-27 00:00:36.470433+00:00,112.058,1.698,67.721,92.9,60.176,34.902,60.501,0.092,No rule triggered.,False
2026-04-27 00:05:36.470433+00:00,110.401,2.354,63.971,93.15,55.993,32.476,58.917,0.118,No rule triggered.,True
2026-04-27 00:10:36.470433+00:00,110.517,1.57,67.715,93.53,60.663,35.184,59.57,0.083,No rule triggered.,True
2026-04-27 00:15:36.470433+00:00,110.275,1.65,68.888,93.77,60.932,35.341,60.156,0.078,No rule triggered.,False
2026-04-27 00:20:36.470433+00:00,108.628,1.677,68.588,94.0,61.279,35.542,60.709,0.079,No rule triggered.,False
2026-04-27 00:25:36.470433+00:00,111.948,1.765,67.648,94.23,62.095,36.015,61.41,0.115,No rule triggered.,False
2026-04-27 00:30:36.470433+00:00,112.696,1.894,64.882,94.43,59.364,34.431,60.811,0.118,No rule triggered.,False
2026-04-27 00:35:36.470433+00:00,113.787,1.912,67.777,94.7,60.855,35.296,60.924,0.115,No rule triggered.,False
2026-04-27 00:40:36.470433+00:00,111.391,1.942,64.817,94.94,59.988,34.793,60.645,0.118,No rule triggered.,False
2026-04-27 00:45:36.470433+00:00,109.838,1.592,68.8,95.0,59.555,34.542,60.254,0.075,No rule triggered.,False
2026-04-27 00:50:36.470433+00:00,112.944,1.899,66.131,95.0,59.897,34.74,60.098,0.118,No rule triggered.,False
2026-04-27 00:55:36.470433+00:00,110.771,1.892,65.606,95.0,59.686,34.618,59.904,0.118,No rule triggered.,False
2026-04-27 01:00:36.470433+00:00,111.239,1.786,68.953,95.0,63.159,36.632,61.139,0.103,No rule triggered.,False
2026-04-27 01:05:36.470433+00:00,113.032,1.977,67.596,95.0,63.083,36.588,62.014,0.118,No rule triggered.,False
2026-04-27 01:10:36.470433+00:00,110.979,1.832,65.627,95.0,59.826,34.699,61.344,0.118,No rule triggered.,False
2026-04-27 01:15:36.470433+00:00,114.748,1.754,67.482,95.0,60.11,34.864,60.932,0.113,No rule triggered.,False
2026-04-27 01:20:36.470433+00:00,110.952,1.901,64.859,95.0,58.57,33.971,60.011,0.118,No rule triggered.,True
2026-04-27 01:25:36.470433+00:00,111.913,1.69,66.478,95.0,58.524,33.944,59.323,0.097,No rule triggered.,False
2026-04-27 01:30:36.470433+00:00,115.398,2.014,65.552,95.0,60.303,34.976,59.545,0.118,No rule triggered.,False
2026-04-27 01:35:36.470433+00:00,115.816,1.709,67.447,95.0,61.229,35.513,60.103,0.107,No rule triggered.,False
2026-04-27 01:40:36.470433+00:00,116.381,1.783,67.842,95.0,63.513,36.838,61.429,0.106,No rule triggered.,True
2026-04-27 01:45:36.470433+00:00,112.443,1.457,69.133,95.0,64.471,37.393,62.773,0.051,No rule triggered.,False
2026-04-27 01:50:36.470433+00:00,113.186,1.897,67.213,95.0,60.555,35.122,62.175,0.118,No rule triggered.,False
2026-04-27 01:55:36.470433+00:00,115.407,2.003,65.683,95.0,59.269,34.376,61.181,0.118,No rule triggered.,True
2026-04-27 02:00:36.470433+00:00,112.626,2.143,63.758,95.0,58.545,33.956,60.144,0.118,No rule triggered.,False
2026-04-27 02:05:36.470433+00:00,114.011,1.747,67.293,95.0,61.492,35.665,60.552,0.111,No rule triggered.,False
2026-04-27 02:10:36.470433+00:00,114.729,2.098,64.856,95.0,56.746,32.912,59.003,0.118,No rule triggered.,True
2026-04-27 02:15:36.470433+00:00,115.59,1.929,66.01,95.0,60.263,34.952,59.274,0.118,No rule triggered.,False
2026-04-27 02:20:36.470433+00:00,110.364,1.905,65.113,95.0,61.425,35.626,59.973,0.118,No rule triggered.,True
2026-04-27 02:25:36.470433+00:00,113.953,1.911,66.284,95.0,60.443,35.057,60.123,0.118,No rule triggered.,False
2026-04-27 02:30:36.470433+00:00,116.801,1.697,69.392,95.0,62.831,36.442,61.18,0.079,No rule triggered.,False
2026-04-27 02:35:36.470433+00:00,116.745,2.034,64.854,95.0,57.92,33.594,60.013,0.118,No rule triggered.,True
2026-04-27 02:40:36.470433+00:00,115.066,2.119,63.996,95.0,58.318,33.824,59.3,0.118,No rule triggered.,False
2026-04-27 02:45:36.470433+00:00,116.112,1.98,67.639,95.0,61.865,35.882,60.19,0.117,No rule triggered.,False
2026-04-27 02:50:36.470433+00:00,116.25,2.242,62.648,95.0,56.132,32.557,58.6,0.118,No rule triggered.,True
2026-04-27 02:55:36.470433+00:00,115.111,1.686,66.015,95.0,58.689,34.04,58.452,0.097,No rule triggered.,False
2026-04-27 03:00:36.470433+00:00,116.398,1.582,69.941,95.0,62.701,36.367,59.962,0.069,No rule triggered.,True
2026-04-27 03:05:36.470433+00:00,114.715,1.715,66.582,95.0,59.948,34.77,60.005,0.111,No rule triggered.,False
2026-04-27 03:10:36.470433+00:00,115.632,1.585,68.226,95.0,61.587,35.721,60.673,0.077,No rule triggered.,False
2026-04-27 03:15:36.470433+00:00,118.812,1.988,65.76,95.0,57.628,33.424,59.588,0.118,No rule triggered.,True
2026-04-27 03:20:36.470433+00:00,113.598,2.003,65.217,95.0,58.005,33.643,58.927,0.118,No rule triggered.,False
2026-04-27 03:25:36.470433+00:00,116.376,2.133,64.519,95.0,57.166,33.156,58.124,0.118,No rule triggered.,False
2026-04-27 03:30:36.470433+00:00,117.659,1.642,67.018,95.0,58.744,34.072,58.185,0.096,No rule triggered.,False
2026-04-27 03:35:36.470433+00:00,117.158,2.355,62.877,95.0,56.837,32.966,57.514,0.118,No rule triggered.,False
2026-04-27 03:40:36.470433+00:00,114.9,1.779,67.093,95.0,62.47,36.232,59.274,0.116,No rule triggered.,True
2026-04-27 03:45:36.470433+00:00,113.793,1.904,66.907,95.0,60.337,34.995,59.749,0.118,No rule triggered.,False
2026-04-27 03:50:36.470433+00:00,118.064,1.851,67.309,95.0,58.289,33.808,59.276,0.118,No rule triggered.,True
2026-04-27 03:55:36.470433+00:00,119.057,2.269,65.365,95.0,57.22,33.187,58.49,0.118,No rule triggered.,False
2026-04-27 04:00:36.470433+00:00,116.751,1.644,67.55,95.0,59.843,34.709,58.949,0.094,No rule triggered.,False
2026-04-27 04:05:36.470433+00:00,116.819,1.417,69.341,95.0,61.555,35.702,59.972,0.047,No rule triggered.,True
2026-04-27 04:10:36.470433+00:00,116.016,2.168,63.784,95.0,56.438,32.734,58.698,0.118,No rule triggered.,True
2026-04-27 04:15:36.470433+00:00,118.973,2.202,65.118,95.0,58.048,33.668,58.385,0.118,No rule triggered.,False
2026-04-27 04:20:36.470433+00:00,118.848,1.591,69.906,95.0,62.89,36.476,60.077,0.07,No rule triggered.,True
2026-04-27 04:25:36.470433+00:00,118.292,1.914,68.067,95.0,62.453,36.223,61.149,0.111,No rule triggered.,False
2026-04-27 04:30:36.470433+00:00,116.828,1.602,68.492,95.0,60.442,35.057,61.108,0.076,No rule triggered.,False
2026-04-27 04:35:36.470433+00:00,115.06,1.558,70.107,95.0,63.687,36.938,62.31,0.065,No rule triggered.,False
2026-04-27 04:40:36.470433+00:00,119.296,1.633,68.126,95.0,59.994,34.797,61.69,0.079,No rule triggered.,False
2026-04-27 04:45:36.470433+00:00,116.091,1.746,67.205,95.0,60.775,35.249,61.49,0.111,No rule triggered.,False
2026-04-27 04:50:36.470433+00:00,117.235,1.92,66.473,95.0,59.825,34.698,60.939,0.118,No rule triggered.,False
2026-04-27 04:55:36.470433+00:00,117.422,1.572,68.166,95.0,61.907,35.906,61.338,0.077,No rule triggered.,False
2026-04-27 05:00:36.470433+00:00,119.657,1.356,69.469,95.0,62.547,36.277,61.877,0.042,No rule triggered.,False
2026-04-27 05:05:36.470433+00:00,117.093,1.581,69.294,95.0,60.912,35.329,61.611,0.071,No rule triggered.,False
2026-04-27 05:10:36.470433+00:00,119.812,1.872,66.192,95.0,58.593,33.984,60.482,0.118,No rule triggered.,True
2026-04-27 05:15:36.470433+00:00,119.535,1.618,67.489,95.0,59.715,34.635,60.093,0.094,No rule triggered.,False
2026-04-27 05:20:36.470433+00:00,118.167,1.685,67.926,95.0,56.915,33.011,58.724,0.081,No rule triggered.,False
2026-04-27 05:25:36.470433+00:00,118.046,1.259,70.691,95.0,63.715,36.955,60.434,0.037,No rule triggered.,True
2026-04-27 05:30:36.470433+00:00,117.347,1.59,68.326,95.0,60.641,35.172,60.514,0.077,No rule triggered.,False
2026-04-27 05:35:36.470433+00:00,116.567,1.852,66.875,95.0,59.698,34.625,60.201,0.118,No rule triggered.,False
2026-04-27 05:40:36.470433+00:00,118.078,1.567,69.058,95.0,62.186,36.068,60.952,0.069,No rule triggered.,False
2026-04-27 05:45:36.470433+00:00,116.972,1.433,71.062,95.0,63.391,36.767,61.978,0.048,No rule triggered.,False
2026-04-27 05:50:36.470433+00:00,120.19,1.794,67.772,95.0,63.341,36.738,62.691,0.11,No rule triggered.,False
2026-04-27 05:55:36.470433+00:00,118.588,1.673,67.794,95.0,59.297,34.392,61.579,0.083,No rule triggered.,True
2026-04-27 06:00:36.470433+00:00,118.61,1.628,67.99,95.0,59.347,34.421,60.747,0.08,No rule triggered.,False
2026-04-27 06:05:36.470433+00:00,117.506,1.245,71.426,95.0,67.115,38.926,63.196,0.041,No rule triggered.,True
2026-04-27 06:10:36.470433+00:00,119.31,1.405,68.7,95.0,61.13,35.455,62.626,0.05,No rule triggered.,True
2026-04-27 06:15:36.470433+00:00,117.091,1.474,70.123,95.0,63.464,36.809,63.084,0.052,No rule triggered.,False
2026-04-27 06:20:36.470433+00:00,118.29,1.628,69.68,95.0,61.908,35.907,62.778,0.069,No rule triggered.,False
2026-04-27 06:25:36.470433+00:00,115.87,1.806,68.463,95.0,59.995,34.797,61.771,0.103,No rule triggered.,False
2026-04-27 06:30:36.470433+00:00,118.191,1.421,69.555,95.0,62.855,36.456,62.15,0.045,No rule triggered.,False
2026-04-27 06:35:36.470433+00:00,117.315,1.625,68.494,95.0,61.202,35.497,61.782,0.077,No rule triggered.,False
2026-04-27 06:40:36.470433+00:00,117.218,1.602,68.115,95.0,60.546,35.117,61.256,0.078,No rule triggered.,False
2026-04-27 06:45:36.470433+00:00,115.619,1.606,67.305,95.0,60.705,35.209,60.945,0.094,No rule triggered.,False
2026-04-27 06:50:36.470433+00:00,115.326,1.222,70.157,95.0,61.487,35.662,61.046,0.034,No rule triggered.,False
2026-04-27 06:55:36.470433+00:00,118.881,1.348,70.298,95.0,63.241,36.68,61.832,0.037,No rule triggered.,False
2026-04-27 07:00:36.470433+00:00,116.601,1.376,70.327,95.0,62.42,36.204,62.095,0.043,No rule triggered.,False
2026-04-27 07:05:36.470433+00:00,116.05,1.4,69.946,95.0,61.729,35.803,62.007,0.044,No rule triggered.,False
2026-04-27 07:10:36.470433+00:00,118.444,1.848,66.61,95.0,60.0,34.8,61.251,0.118,No rule triggered.,False
2026-04-27 07:15:36.470433+00:00,113.726,1.361,69.125,95.0,61.547,35.697,61.305,0.046,No rule triggered.,False
2026-04-27 07:20:36.470433+00:00,116.351,1.278,70.499,95.0,62.99,36.534,61.925,0.035,No rule triggered.,False
2026-04-27 07:25:36.470433+00:00,115.425,1.261,71.207,95.0,64.45,37.381,62.959,0.039,No rule triggered.,True
2026-04-27 07:30:36.470433+00:00,117.799,1.528,69.85,95.0,63.643,36.913,63.384,0.061,No rule triggered.,False
2026-04-27 07:35:36.470433+00:00,117.146,1.328,70.212,95.0,62.988,36.533,63.403,0.033,No rule triggered.,False
2026-04-27 07:40:36.470433+00:00,116.077,0.84,72.287,95.0,64.689,37.52,64.053,0.054,No rule triggered.,False
2026-04-27 07:45:36.470433+00:00,117.182,0.911,73.224,95.0,65.55,38.019,64.836,0.046,No rule triggered.,False
2026-04-27 07:50:36.470433+00:00,119.598,1.605,67.165,95.0,60.506,35.093,63.377,0.094,No rule triggered.,True
2026-04-27 07:55:36.470433+00:00,117.641,1.402,68.868,95.0,60.625,35.163,62.317,0.049,No rule triggered.,False
2026-04-27 08:00:36.470433+00:00,115.796,1.18,69.466,95.0,62.696,36.364,62.359,0.046,No rule triggered.,False
2026-04-27 08:05:36.470433+00:00,116.733,1.261,68.543,95.0,60.616,35.157,61.591,0.05,No rule triggered.,False
2026-04-27 08:10:36.470433+00:00,116.796,1.052,72.62,95.0,64.878,37.629,62.73,0.055,No rule triggered.,True
2026-04-27 08:15:36.470433+00:00,116.672,1.296,69.753,95.0,62.78,36.412,62.76,0.037,No rule triggered.,False
2026-04-27 08:20:36.470433+00:00,118.237,1.231,70.768,95.0,63.764,36.983,63.168,0.036,No rule triggered.,False
2026-04-27 08:25:36.470433+00:00,117.975,1.313,70.498,95.0,63.074,36.583,63.189,0.035,No rule triggered.,False
2026-04-27 08:30:36.470433+00:00,118.226,1.103,69.305,95.0,61.987,35.953,62.765,0.046,No rule triggered.,False
2026-04-27 08:35:36.470433+00:00,114.482,1.054,70.793,95.0,63.737,36.967,63.137,0.045,No rule triggered.,False
2026-04-27 08:40:36.470433+00:00,113.775,1.188,70.475,95.0,61.741,35.81,62.622,0.039,No rule triggered.,False
2026-04-27 08:45:36.470433+00:00,112.644,1.077,71.192,95.0,61.176,35.482,62.019,0.04,No rule triggered.,False
2026-04-27 08:50:36.470433+00:00,116.538,1.383,67.792,95.0,59.864,34.721,61.071,0.053,No rule triggered.,True
2026-04-27 08:55:36.470433+00:00,119.302,1.121,71.087,95.0,64.0,37.12,62.033,0.038,No rule triggered.,True
2026-04-27 09:00:36.470433+00:00,114.768,1.161,70.524,95.0,65.145,37.784,63.22,0.039,No rule triggered.,False
2026-04-27 09:05:36.470433+00:00,115.008,0.882,73.045,95.0,63.661,36.924,63.504,0.045,No rule triggered.,False
2026-04-27 09:10:36.470433+00:00,114.655,0.886,72.759,95.0,64.366,37.332,63.966,0.051,No rule triggered.,False
2026-04-27 09:15:36.470433+00:00,116.014,1.095,70.344,95.0,61.688,35.779,63.222,0.039,No rule triggered.,False
2026-04-27 09:20:36.470433+00:00,116.738,1.052,71.707,95.0,64.059,37.154,63.586,0.051,No rule triggered.,False
2026-04-27 09:25:36.470433+00:00,113.857,1.087,71.356,95.0,64.627,37.484,64.068,0.042,No rule triggered.,False
2026-04-27 09:30:36.470433+00:00,115.952,0.813,74.281,95.0,65.867,38.203,64.891,0.053,No rule triggered.,True
2026-04-27 09:35:36.470433+00:00,114.916,0.768,72.953,95.0,64.729,37.543,65.018,0.05,"Water is clear, save energy while staying compliant.",False
2026-04-27 09:40:36.470433+00:00,116.884,1.204,70.517,89.0,58.818,34.115,62.743,0.036,No rule triggered.,True
2026-04-27 09:45:36.470433+00:00,115.015,1.067,71.889,89.29,60.47,35.073,61.71,0.048,No rule triggered.,False
2026-04-27 09:50:36.470433+00:00,112.502,1.138,70.761,89.54,56.124,32.552,59.275,0.037,No rule triggered.,True
2026-04-27 09:55:36.470433+00:00,115.652,1.027,72.637,89.91,63.096,36.596,60.301,0.053,No rule triggered.,True
2026-04-27 10:00:36.470433+00:00,113.931,1.038,71.031,90.08,61.15,35.467,60.374,0.046,No rule triggered.,False
2026-04-27 10:05:36.470433+00:00,114.435,0.57,74.94,90.31,62.54,36.273,61.027,0.044,"Water is clear, save energy while staying compliant.",False
2026-04-27 10:10:36.470433+00:00,114.345,0.743,71.972,85.25,59.451,34.482,60.322,0.06,"Water is clear, save energy while staying compliant.",False
2026-04-27 10:15:36.470433+00:00,111.266,0.856,73.476,81.2,54.563,31.647,57.902,-0.008,No rule triggered.,True
2026-04-27 10:20:36.470433+00:00,112.899,0.827,73.84,81.62,55.191,32.011,56.422,0.013,No rule triggered.,False
2026-04-27 10:25:36.470433+00:00,114.726,1.007,72.327,82.02,56.025,32.495,55.759,0.055,No rule triggered.,False
2026-04-27 10:30:36.470433+00:00,113.225,0.941,71.103,82.39,54.706,31.729,54.858,-0.006,No rule triggered.,False
2026-04-27 10:35:36.470433+00:00,111.235,0.805,73.205,82.8,57.216,33.185,55.289,0.048,No rule triggered.,False
2026-04-27 10:40:36.470433+00:00,110.608,0.739,73.995,83.14,58.805,34.107,56.327,0.048,"Water is clear, save energy while staying compliant.",True
2026-04-27 10:45:36.470433+00:00,110.77,0.437,75.618,79.52,58.64,34.011,57.083,0.064,"Water is clear, save energy while staying compliant.",False
2026-04-27 10:50:36.470433+00:00,113.331,0.552,75.492,76.61,52.521,30.462,55.251,-0.048,"Water is clear, save energy while staying compliant.",True
2026-04-27 10:55:36.470433+00:00,116.152,0.781,74.028,74.29,53.481,31.019,54.307,-0.019,"Water is clear, save energy while staying compliant.",False
2026-04-27 11:00:36.470433+00:00,112.497,0.949,71.281,72.43,49.901,28.943,52.26,-0.063,No rule triggered.,False
2026-04-27 11:05:36.470433+00:00,114.114,0.796,73.447,72.99,49.418,28.662,50.646,-0.08,"Water is clear, save energy while staying compliant.",True
2026-04-27 11:10:36.470433+00:00,114.039,0.816,73.612,71.39,50.334,29.194,49.933,-0.08,No rule triggered.,False
2026-04-27 11:15:36.470433+00:00,112.318,0.823,71.894,71.93,50.796,29.462,49.714,-0.072,No rule triggered.,False
2026-04-27 11:20:36.470433+00:00,110.611,0.638,75.064,72.46,51.574,29.913,49.973,-0.068,"Water is clear, save energy while staying compliant.",False
2026-04-27 11:25:36.470433+00:00,108.791,0.754,72.29,70.96,48.596,28.185,49.08,-0.06,"Water is clear, save energy while staying compliant.",False
2026-04-27 11:30:36.470433+00:00,110.6,0.807,76.309,69.77,50.597,29.346,49.29,-0.041,No rule triggered.,False
2026-04-27 11:35:36.470433+00:00,109.527,0.507,73.895,70.3,47.388,27.485,48.255,-0.053,"Water is clear, save energy while staying compliant.",True
2026-04-27 11:40:36.470433+00:00,109.708,0.585,73.49,69.24,46.089,26.732,47.048,-0.021,"Water is clear, save energy while staying compliant.",False
2026-04-27 11:45:36.470433+00:00,111.204,0.63,75.246,68.39,47.747,27.693,46.895,-0.067,"Water is clear, save energy while staying compliant.",False
2026-04-27 11:50:36.470433+00:00,111.354,0.322,78.354,67.72,49.368,28.633,47.508,0.022,"Water is clear, save energy while staying compliant.",False
2026-04-27 11:55:36.470433+00:00,108.43,0.678,72.064,67.17,46.075,26.724,46.727,-0.022,"Water is clear, save energy while staying compliant.",False
2026-04-27 12:00:36.470433+00:00,110.113,0.496,75.977,66.74,47.707,27.67,46.845,-0.024,"Water is clear, save energy while staying compliant.",False
2026-04-27 12:05:36.470433+00:00,109.079,0.417,75.962,66.39,49.224,28.55,47.582,-0.037,"Water is clear, save energy while staying compliant.",False
2026-04-27 12:10:36.470433+00:00,108.774,0.977,71.044,66.11,42.571,24.691,45.535,0.003,No rule triggered.,True
2026-04-27 12:15:36.470433+00:00,107.465,0.604,75.053,66.88,48.2,27.956,46.281,-0.061,"Water is clear, save energy while staying compliant.",True
2026-04-27 12:20:36.470433+00:00,108.106,0.592,74.829,66.5,44.511,25.817,45.43,-0.022,"Water is clear, save energy while staying compliant.",False
2026-04-27 12:25:36.470433+00:00,111.557,0.672,73.545,66.2,43.616,25.297,44.489,-0.026,"Water is clear, save energy while staying compliant.",True
2026-04-27 12:30:36.470433+00:00,106.914,0.662,73.685,65.96,44.815,25.993,44.324,-0.024,"Water is clear, save energy while staying compliant.",False
2026-04-27 12:35:36.470433+00:00,111.129,0.481,74.527,65.77,46.281,26.843,44.84,-0.004,"Water is clear, save energy while staying compliant.",False
2026-04-27 12:40:36.470433+00:00,108.677,0.421,73.924,65.62,44.761,25.961,44.665,0.015,"Water is clear, save energy while staying compliant.",False
2026-04-27 12:45:36.470433+00:00,108.11,0.608,74.901,65.49,46.039,26.703,45.071,-0.023,"Water is clear, save energy while staying compliant.",False
2026-04-27 12:50:36.470433+00:00,106.757,0.2,76.279,65.39,45.845,26.59,45.316,0.057,"Water is clear, save energy while staying compliant.",False
2026-04-27 12:55:36.470433+00:00,107.687,0.279,75.214,65.32,45.978,26.667,45.558,0.02,"Water is clear, save energy while staying compliant.",False
2026-04-27 13:00:36.470433+00:00,106.945,0.624,74.039,65.25,45.131,26.176,45.403,-0.023,"Water is clear, save energy while staying compliant.",False
2026-04-27 13:05:36.470433+00:00,110.585,0.385,76.856,65.2,48.407,28.076,46.579,0.012,"Water is clear, save energy while staying compliant.",True
2026-04-27 13:10:36.470433+00:00,106.36,0.92,72.598,65.16,43.883,25.452,45.651,-0.013,No rule triggered.,True
2026-04-27 13:15:36.470433+00:00,108.331,0.524,74.681,65.89,45.108,26.163,45.434,-0.012,"Water is clear, save energy while staying compliant.",False
2026-04-27 13:20:36.470433+00:00,105.699,0.669,74.688,65.71,44.598,25.867,45.076,-0.032,"Water is clear, save energy while staying compliant.",False
2026-04-27 13:25:36.470433+00:00,108.723,0.605,76.135,65.57,46.797,27.142,45.689,0.004,"Water is clear, save energy while staying compliant.",False
2026-04-27 13:30:36.470433+00:00,106.522,0.2,76.085,65.46,45.925,26.636,45.802,0.055,"Water is clear, save energy while staying compliant.",False
2026-04-27 13:35:36.470433+00:00,105.694,0.678,74.922,65.36,44.792,25.979,45.434,-0.034,"Water is clear, save energy while staying compliant.",False
2026-04-27 13:40:36.470433+00:00,106.532,0.709,73.091,65.29,45.401,26.333,45.401,-0.031,"Water is clear, save energy while staying compliant.",False
2026-04-27 13:45:36.470433+00:00,108.805,0.271,73.776,65.23,43.747,25.373,44.73,0.025,"Water is clear, save energy while staying compliant.",False
2026-04-27 13:50:36.470433+00:00,106.099,0.624,74.11,65.19,45.196,26.214,44.817,-0.026,"Water is clear, save energy while staying compliant.",False
2026-04-27 13:55:36.470433+00:00,104.709,0.491,74.414,65.15,46.078,26.726,45.247,-0.026,"Water is clear, save energy while staying compliant.",False
2026-04-27 14:00:36.470433+00:00,104.747,0.301,75.758,65.12,45.165,26.196,45.213,0.011,"Water is clear, save energy while staying compliant.",False
2026-04-27 14:05:36.470433+00:00,104.742,0.677,73.512,65.1,43.108,25.003,44.378,-0.048,"Water is clear, save energy while staying compliant.",False
2026-04-27 14:10:36.470433+00:00,103.937,0.487,74.861,65.08,44.689,25.92,44.396,-0.055,"Water is clear, save energy while staying compliant.",False
2026-04-27 14:15:36.470433+00:00,107.144,0.553,74.678,65.06,43.834,25.424,44.092,-0.023,"Water is clear, save energy while staying compliant.",False
2026-04-27 14:20:36.470433+00:00,106.524,0.782,73.513,65.05,44.085,25.569,43.988,-0.021,"Water is clear, save energy while staying compliant.",False
2026-04-27 14:25:36.470433+00:00,104.712,0.372,76.745,65.04,46.221,26.808,44.774,0.034,"Water is clear, save energy while staying compliant.",False
2026-04-27 14:30:36.470433+00:00,104.637,0.617,74.619,65.03,47.068,27.299,45.696,-0.085,"Water is clear, save energy while staying compliant.",False
2026-04-27 14:35:36.470433+00:00,105.378,0.51,76.416,65.03,46.16,26.773,46.004,0.011,"Water is clear, save energy while staying compliant.",False
2026-04-27 14:40:36.470433+00:00,105.662,0.297,75.579,65.02,47.083,27.308,46.567,-0.004,"Water is clear, save energy while staying compliant.",False
